Name;Division;Head
Document Control;Quality Assurance;zainarif
Engineering;Research and Development;terrduff
Executive;Executive General and Administration;kensanc
Facilities and Maintenance;Executive General and Administration;garyaltm
Finance;Executive General and Administration;daviliu
Human Resources;Executive General and Administration;paulbarr
Information Services;CISO Office;jeantren
Marketing;Sales and Marketing;davibrad
Production;Manufacturing;jamehami
Production Control;Manufacturing;petekreb
Purchasing;Inventory Management;sheeword
Quality Assurance;Quality Assurance;hazeabol
Research and Development;Research and Development;dylamill
Sales;Sales and Marketing;briawelc
Shipping and Receiving;Inventory Management;pilaacke
Technical Services;IT Director Office;zhenmu
Tool Design;Research and Development;robwalt
